{
  "detection": {
    "sequential": {
      "time": 526.4682369232178,
      "images": 4633,
      "speed": 8.800151034896517
    },
    "parallel": {
      "time": 297.5040192604065,
      "images": 4633,
      "speed": 15.572898851980606,
      "speedup": 1.7696172247757027
    },
    "unified": {
      "time": 375.3891453742981,
      "images": 4633,
      "speed": 12.34185926015646,
      "speedup": 1.4024599363369437
    },
    "gpu_optimized": {
      "time": 183.78263449668884,
      "images": 4633,
      "speed": 25.209128232860714,
      "speedup": 2.864624497113208
    }
  }
}